"Designator","Footprint","Mid X","Mid Y","Ref X","Ref Y","Pad X","Pad Y","Layer","Rotation","Comment"
"C36","CT 8*7 - C","88.773mm","20.066mm","88.773mm","20.066mm","92.773mm","20.066mm","T","360","470uF"
"C55","0603_C","59.944mm","79.248mm","59.944mm","79.248mm","60.714mm","79.248mm","T","180","100nF"
"U5","SSOP-20_208mil","61.595mm","30.48mm","61.595mm","30.48mm","64.52mm","33.93mm","T","180","74HC573D"
"CB7","CW","58.268mm","51.435mm","58.749mm","51.435mm","58.749mm","51.435mm","T","180","CB"
"CB6","CW","36.424mm","48.006mm","35.941mm","48.006mm","35.941mm","48.006mm","T","360","CB"
"R95","0603_R","84.074mm","34.392mm","84.093mm","34.389mm","84.863mm","34.389mm","T","180","4.7K次"
"R86","0603_R","84.074mm","39.726mm","84.093mm","39.723mm","83.323mm","39.723mm","T","360","4.7K次"
"R88","0603_R","71.78mm","39.98mm","71.774mm","39.977mm","71.004mm","39.977mm","T","360","22次"
"R96","0603_R","71.78mm","34.29mm","71.766mm","34.29mm","70.996mm","34.29mm","T","360","22次"
"JP2","XH2.54-3P","93.345mm","37.719mm","93.345mm","35.179mm","93.345mm","35.179mm","T","90","HDR-1X3"
"KEY3","TSW SMD-6*6*5","86.106mm","89.281mm","86.106mm","89.281mm","83.845mm","84.881mm","T","90","KEY"
"KEY2","TSW SMD-6*6*5","77.826mm","89.281mm","77.851mm","89.281mm","75.59mm","84.881mm","T","90","KEY"
"KEY1","TSW SMD-6*6*5","45.314mm","16.256mm","45.339mm","16.256mm","43.078mm","11.856mm","T","90","KEY"
"S6","SWITCH_SPOT","65.151mm","22.708mm","65.151mm","21.717mm","65.151mm","21.717mm","T","90","SW"
"S4","SWITCH_SPOT","64.77mm","12.192mm","64.77mm","11.176mm","64.77mm","11.176mm","T","90","SW"
"VR1","SOT-223","33.401mm","10.541mm","33.401mm","10.541mm","31.101mm","7.541mm","T","270","AMS1117-3.3"
"USB2","USB3.0-i","44.958mm","83.236mm","44.958mm","88.519mm","48.458mm","82.979mm","T","180","USB 3.0"
"U10","FP-S8-2-IPC_A","77.876mm","36.932mm","77.87mm","36.929mm","75.454mm","38.834mm","T","360","MAX13487EESA+"
"U9","SOIC-8_150mil","44.323mm","25.019mm","44.323mm","25.019mm","41.723mm","26.924mm","T","270","AT24C256C"
"U6","SOT-23-6","60.071mm","21.59mm","60.071mm","21.59mm","61.471mm","20.64mm","T","0","FDC6330L"
"U4","SOT-23-6","59.817mm","11.049mm","59.817mm","11.049mm","61.217mm","10.099mm","T","360","FDC6330L"
"U3","SOIC-8_EP_150mil","80.391mm","5.842mm","80.391mm","5.842mm","82.296mm","8.442mm","T","180","MP1584EN"
"U2","SOT-23-6","15.621mm","1.016mm","15.621mm","1.001mm","14.221mm","1.951mm","T","180","MP2359DJ-LF-Z"
"S10","SWITCH_SPOT","4.318mm","64.262mm","4.318mm","63.262mm","4.318mm","63.262mm","T","90","SW"
"S9","SWITCH_SPOT","4.191mm","44.958mm","4.191mm","43.942mm","4.191mm","43.942mm","T","90","SW"
"S8","SWITCH_SPOT","4.318mm","30.836mm","4.318mm","29.845mm","4.318mm","29.845mm","T","90","SW"
"S7","SWITCH_SPOT","4.318mm","16.51mm","4.318mm","15.51mm","4.318mm","15.51mm","T","90","SW"
"S5","SWITCH_SPOT","34.036mm","22.301mm","34.036mm","23.299mm","34.036mm","23.299mm","T","270","SW"
"S3","SWITCH_SPOT","20.066mm","22.225mm","20.066mm","23.225mm","20.066mm","23.225mm","T","270","SW"
"S2","SWITCH_SPOT","58.547mm","84.887mm","58.547mm","83.889mm","58.547mm","83.889mm","T","90","SW"
"S1","SS-12F23 (1P2T)  Straight foot","58.928mm","0.381mm","58.928mm","0.381mm","61.928mm","0.381mm","T","180","SW"
"R104","0402_R","24.536mm","38.608mm","24.555mm","38.608mm","24.13mm","38.608mm","T","360","NC"
"R103","0402_R","22.301mm","38.608mm","22.297mm","38.608mm","21.872mm","38.608mm","T","360","0次"
"R102","0402_R","17.78mm","38.608mm","17.78mm","38.608mm","18.205mm","38.608mm","T","180","NC"
"R101","0402_R","20.041mm","38.608mm","20.038mm","38.608mm","20.463mm","38.608mm","T","180","0次"
"R100","0402_R","4.318mm","71.501mm","4.318mm","71.501mm","4.318mm","71.076mm","T","90","4.7K次"
"R99","0402_R","4.318mm","68.885mm","4.318mm","68.878mm","4.318mm","68.453mm","T","90","4.7K次"
"R98","0402_R","4.318mm","37.998mm","4.318mm","38.017mm","4.318mm","37.592mm","T","90","4.7K次"
"R97","0402_R","4.318mm","35.408mm","4.318mm","35.389mm","4.318mm","34.964mm","T","90","4.7K次"
"R94","0603_R","71.78mm","36.424mm","71.766mm","36.421mm","70.996mm","36.421mm","T","360","10K次"
"R93","0402_R","4.318mm","23.749mm","4.318mm","23.749mm","4.318mm","23.324mm","T","90","4.7K次"
"R92","0603_R","71.78mm","38.202mm","71.766mm","38.199mm","70.996mm","38.199mm","T","360","10K次"
"R91","0603_R","84.074mm","36.17mm","84.093mm","36.167mm","83.323mm","36.167mm","T","360","10次"
"R90","0402_R","4.318mm","21.209mm","4.318mm","21.209mm","4.318mm","20.784mm","T","90","4.7K次"
"R89","0402_R","86.766mm","38.024mm","86.76mm","38.028mm","86.76mm","37.603mm","T","90","120次"
"R87","0603_R","84.074mm","37.948mm","84.093mm","37.945mm","83.323mm","37.945mm","T","360","10次"
"R85","0603_R","54.712mm","93.218mm","54.729mm","93.218mm","55.499mm","93.218mm","T","180","0次"
"R84","0603_R","54.712mm","94.996mm","54.729mm","94.996mm","55.499mm","94.996mm","T","180","NC"
"R83","0402_R","43.942mm","78.867mm","43.942mm","78.867mm","43.942mm","78.442mm","T","90","0次"
"R82","0402_R","45.974mm","78.867mm","45.974mm","78.867mm","45.974mm","78.442mm","T","90","0次"
"R81","0402_R","54.153mm","89.662mm","54.169mm","89.662mm","53.744mm","89.662mm","T","360","10K次"
"R80","0402_R","54.153mm","91.186mm","54.169mm","91.186mm","53.744mm","91.186mm","T","360","10K次"
"R79","0402_R","39.243mm","24.257mm","39.243mm","24.257mm","39.668mm","24.257mm","T","180","10K次"
"R78","0402_R","39.243mm","25.654mm","39.243mm","25.654mm","39.668mm","25.654mm","T","180","10K次"
"R77","0402_R","39.243mm","27.051mm","39.243mm","27.051mm","39.668mm","27.051mm","T","180","10K次"
"R76","0402_R","45.085mm","28.854mm","45.085mm","28.873mm","45.085mm","29.298mm","T","270","4.7K次"
"R75","0402_R","43.688mm","28.854mm","43.688mm","28.873mm","43.688mm","29.298mm","T","270","4.7K次"
"R74","0402_R","49.378mm","25.527mm","49.359mm","25.527mm","49.784mm","25.527mm","T","180","10K次"
"R55","0603_R","64.11mm","16.637mm","64.118mm","16.637mm","63.348mm","16.637mm","T","360","47K次"
"R54","0603_R","55.118mm","16.764mm","55.118mm","16.764mm","54.348mm","16.764mm","T","360","4.7K次"
"R53","0603_R","64.11mm","18.415mm","64.118mm","18.415mm","63.348mm","18.415mm","T","360","4.7K次"
"R52","0603_R","73.533mm","22.606mm","73.533mm","22.606mm","73.533mm","21.836mm","T","90","10K次"
"R51","0603_R","55.118mm","20.396mm","55.118mm","20.405mm","55.888mm","20.405mm","T","180","100K次"
"R50","0603_R","55.118mm","18.593mm","55.118mm","18.585mm","55.888mm","18.585mm","T","180","51K次"
"R49","0603_R","25.527mm","19.431mm","25.527mm","19.431mm","26.297mm","19.431mm","T","180","100K次"
"R48","0603_R","63.856mm","6.096mm","63.864mm","6.096mm","63.094mm","6.096mm","T","360","47K次"
"R47","0603_R","56.388mm","27.559mm","56.388mm","27.559mm","56.388mm","28.329mm","T","270","4.7K次"
"R46","0603_R","54.966mm","6.35mm","54.959mm","6.35mm","54.189mm","6.35mm","T","360","4.7K次"
"R45","0603_R","63.856mm","7.874mm","63.864mm","7.874mm","63.094mm","7.874mm","T","360","4.7K次"
"R44","0603_R","64.516mm","92.329mm","64.516mm","92.329mm","65.286mm","92.329mm","T","180","10K次"
"R43","0603_R","54.966mm","9.906mm","54.959mm","9.906mm","55.729mm","9.906mm","T","180","100K次"
"R42","0603_R","54.966mm","8.128mm","54.959mm","8.128mm","55.729mm","8.128mm","T","180","51K次"
"R41","0603_R","29.464mm","19.431mm","29.472mm","19.431mm","28.702mm","19.431mm","T","360","100K次"
"R40","0603_R","78.232mm","11.176mm","78.232mm","11.184mm","78.232mm","10.414mm","T","90","68.1K次"
"R39","0603_R","80.721mm","26.797mm","80.701mm","26.798mm","79.931mm","26.798mm","T","360","100K次"
"R38","0603_R","78.359mm","1.143mm","78.359mm","1.143mm","79.129mm","1.143mm","T","180","200K次"
"R37","0603_R","80.721mm","28.575mm","80.701mm","28.576mm","79.931mm","28.576mm","T","360","10K次"
"R36","0603_R","11.43mm","19.304mm","11.43mm","19.304mm","12.2mm","19.304mm","T","180","100K次"
"R35","0603_R","80.721mm","30.353mm","80.701mm","30.354mm","79.931mm","30.354mm","T","360","100K次"
"R34","0603_R","76.454mm","9.652mm","76.454mm","9.644mm","76.454mm","10.414mm","T","270","40.2K次"
"R33","0402_R","95.631mm","23.266mm","95.631mm","23.285mm","95.631mm","23.71mm","T","270","10K次"
"R32","0603_R","81.788mm","11.176mm","81.788mm","11.184mm","81.788mm","11.954mm","T","270","100K次"
"R31","0603_R","15.24mm","19.304mm","15.24mm","19.304mm","14.47mm","19.304mm","T","0","100K次"
"R30","0603_R","73.762mm","8.89mm","73.779mm","8.89mm","74.549mm","8.89mm","T","180","124K次"
"R29","0603_R","67.564mm","87.757mm","67.564mm","87.757mm","66.794mm","87.757mm","T","360","100K次"
"R28","0603_R","19.939mm","-0.762mm","19.939mm","-0.762mm","19.939mm","-1.532mm","T","90","100K次"
"R27","0603_R","9.906mm","2.083mm","9.898mm","2.089mm","9.128mm","2.089mm","T","360","9.53K次"
"R26","0603_R","9.906mm","0mm","9.898mm","-0.007mm","9.128mm","-0.007mm","T","360","49.9K次"
"R25","0603_R","63.627mm","87.757mm","63.627mm","87.757mm","64.397mm","87.757mm","T","180","100K次"
"R24","0603_R","31.496mm","16.002mm","31.488mm","16.002mm","32.258mm","16.002mm","T","180","NC"
"Q10","SOT-23(SOT-23-3)","60.071mm","17.551mm","60.071mm","17.724mm","59.121mm","16.474mm","T","270","SS8050"
"Q9","SOT-23-3L","25.527mm","22.454mm","25.527mm","22.606mm","24.577mm","21.131mm","T","270","AO3400A"
"Q8","SOT-23(SOT-23-3)","59.842mm","7.01mm","59.833mm","7.183mm","58.883mm","5.933mm","T","270","SS8050"
"Q7","SOT-23-3L","29.464mm","22.454mm","29.464mm","22.606mm","28.514mm","21.131mm","T","270","AO3401A"
"Q6","SOT-23-3L","84.531mm","28.169mm","84.519mm","28.322mm","83.569mm","26.847mm","T","270","AO3400A"
"Q5","SOT-23-3L","88.087mm","28.169mm","88.075mm","28.322mm","87.125mm","26.847mm","T","270","AO3400A"
"Q4","SOT-23-3L","11.43mm","22.327mm","11.43mm","22.479mm","10.48mm","21.004mm","T","270","AO3400A"
"Q3","SOT-23-3L","15.367mm","22.327mm","15.367mm","22.479mm","14.417mm","21.004mm","T","270","AO3401A"
"Q2","SOT-23-3L","67.564mm","84.734mm","67.564mm","84.582mm","68.514mm","86.057mm","T","90","AO3400A"
"Q1","SOT-23-3L","63.627mm","84.734mm","63.627mm","84.582mm","64.577mm","86.057mm","T","90","AO3401A"
"LED7","0603_LED_S1","73.533mm","17.78mm","73.533mm","17.78mm","","","T","90","NC"
"LED6","0603_LED_S1","64.516mm","94.234mm","64.516mm","94.234mm","","","T","360","NC"
"LED5","0603_LED_S1","95.631mm","27.305mm","95.631mm","27.305mm","","","T","270","酴腑 0603"
"LED4","0603_LED_S1","35.052mm","16.002mm","35.044mm","16.002mm","","","T","180","NC"
"L2","L_0630","88.773mm","11.557mm","88.773mm","11.557mm","85.979mm","11.557mm","T","360","10uH/2.45A"
"L1","L_0630","13.208mm","9.271mm","13.208mm","9.271mm","10.414mm","9.271mm","T","360","4.7uH/2.45A"
"KF2","KF2EDGK-2.54-LI-2P","78.613mm","20.066mm","78.613mm","20.075mm","77.343mm","20.066mm","T","0","DC"
"KF1","KF2EDGK-2.54-LI-2P","46.482mm","1.27mm","46.482mm","1.279mm","45.212mm","1.27mm","T","0","DC"
"JP9","HDR-1X3","21.336mm","36.195mm","18.796mm","36.195mm","18.796mm","36.195mm","T","360","HDR-1X3"
"JP8","XH2.54-4P","-0.279mm","68.072mm","-0.279mm","64.262mm","-0.279mm","64.262mm","T","90","IIC"
"JP7","XH2.54-6P","-0.381mm","51.308mm","-0.381mm","44.958mm","-0.381mm","44.958mm","T","90","SPI"
"JP6","XH2.54-2P","14.605mm","29.083mm","13.335mm","29.083mm","13.335mm","29.083mm","T","0","XH-2.56-2P"
"JP5","XH2.54-2P","28.702mm","29.083mm","27.432mm","29.083mm","27.432mm","29.083mm","T","360","XH-2.56-2P"
"JP4","XH2.54-4P","-0.279mm","34.671mm","-0.279mm","30.861mm","-0.279mm","30.861mm","T","90","IIC"
"JP3","XH2.54-4P","-0.279mm","20.447mm","-0.279mm","16.637mm","-0.279mm","16.637mm","T","90","IIC"
"JP1","XH2.54-2P","37.338mm","0.889mm","36.068mm","0.889mm","36.068mm","0.889mm","T","0","XH-2.56-2P"
"F8","FU 0805","70.409mm","17.755mm","70.398mm","17.765mm","70.398mm","16.622mm","T","90","12V 1A"
"F7","FU 0805","55.499mm","22.352mm","55.499mm","22.352mm","56.642mm","22.352mm","T","180","12V 1A"
"F6","FU 0805","55.347mm","11.811mm","55.356mm","11.811mm","56.499mm","11.811mm","T","180","12V 1A"
"F5","FU 0805","93.218mm","27.432mm","93.218mm","27.432mm","93.218mm","26.289mm","T","90","5V 2A"
"F4","FU 0805","20.193mm","9.779mm","20.193mm","9.779mm","20.193mm","10.922mm","T","270","5V 2A"
"F3","FU 0805","46.355mm","8.001mm","46.355mm","8.001mm","47.498mm","8.001mm","T","180","5V 3A"
"D12","SMA(DO-214AC)_S1","70.409mm","23.47mm","70.398mm","23.48mm","70.398mm","25.58mm","T","90","SS24"
"D11","ONSC-SOD-923-2-514AB-01_V","48.006mm","78.791mm","48.006mm","78.796mm","47.586mm","78.796mm","T","360","ESD9L5.0ST5G"
"D10","ONSC-SOD-923-2-514AB-01_V","42.164mm","79.121mm","42.164mm","79.121mm","42.584mm","79.121mm","T","180","ESD9L5.0ST5G"
"D8","SMA(DO-214AC)_S1","86.995mm","4.445mm","86.995mm","4.445mm","86.995mm","2.345mm","T","270","SS24"
"D7","SMA(DO-214AC)_S1","72.771mm","-0.127mm","72.771mm","-0.127mm","70.671mm","-0.127mm","T","180","SS24"
"D6","SMA(DO-214AC)_S1","13.462mm","14.605mm","13.462mm","14.605mm","11.362mm","14.605mm","T","180","SS24"
"D5","SMA(DO-214AC)_S1","28.321mm","-0.508mm","28.321mm","-0.508mm","30.421mm","-0.508mm","T","360","SS24"
"CB16","CW","86.766mm","36.017mm","86.76mm","36.532mm","86.76mm","36.532mm","T","270","CB"
"CB15","CW","84.353mm","41.605mm","84.347mm","42.12mm","84.347mm","42.12mm","T","270","CB"
"CB12","CW","56.388mm","30.099mm","56.88mm","30.099mm","56.88mm","30.099mm","T","180","CB"
"CB11","CW","22.606mm","21.336mm","22.606mm","21.828mm","22.606mm","21.828mm","T","270","CB"
"CB9","CW","8.636mm","21.59mm","8.636mm","22.082mm","8.636mm","22.082mm","T","270","CB"
"CB8","CW","70.485mm","85.496mm","70.485mm","84.979mm","70.485mm","84.979mm","T","90","CB"
"C57","CASE-A_3216","79.248mm","41.504mm","79.227mm","41.501mm","80.537mm","41.501mm","T","360","10uF"
"C56","0603_C","74.828mm","41.758mm","74.822mm","41.755mm","74.052mm","41.755mm","T","360","100nF"
"C54","0805_C","60.071mm","81.407mm","60.072mm","81.407mm","60.962mm","81.407mm","T","180","10uF"
"C53","0402_C","49.378mm","26.924mm","49.359mm","26.924mm","48.934mm","26.924mm","T","360","100nF"
"C45","0603_C","64.11mm","20.193mm","64.118mm","20.193mm","64.888mm","20.193mm","T","180","100nF"
"C44","0603_C","63.373mm","22.733mm","63.373mm","22.733mm","63.373mm","21.963mm","T","90","1nF"
"C43","0603_C","32.258mm","22.301mm","32.258mm","22.299mm","32.258mm","23.069mm","T","270","1uF"
"C42","0603_C","63.856mm","9.652mm","63.864mm","9.652mm","64.634mm","9.652mm","T","180","100nF"
"C41","0603_C","33.02mm","19.431mm","33.028mm","19.431mm","33.798mm","19.431mm","T","180","1uF"
"C40","0603_C","63.119mm","12.192mm","63.119mm","12.192mm","63.119mm","11.422mm","T","90","1nF"
"C39","0603_C","80.01mm","11.176mm","80.01mm","11.184mm","80.01mm","11.954mm","T","270","220pF"
"C38","0603_C","18.161mm","22.174mm","18.161mm","22.172mm","18.161mm","22.942mm","T","270","1uF"
"C37","0805_C","89.281mm","-0.254mm","89.281mm","-0.254mm","88.391mm","-0.254mm","T","360","22uF"
"C35","1206_C","82.448mm","-0.635mm","82.457mm","-0.635mm","80.967mm","-0.635mm","T","360","10uF"
"C34","0603_C","19.05mm","19.304mm","19.058mm","19.304mm","19.828mm","19.304mm","T","180","1uF"
"C33","0603_C","84.201mm","3.81mm","84.201mm","3.81mm","84.201mm","3.04mm","T","90","100nF"
"C32","0603_C","15.621mm","4.191mm","15.621mm","4.191mm","14.851mm","4.191mm","T","360","10nF"
"C31","CT 6*6 - C","3.429mm","7.95mm","3.429mm","7.953mm","3.429mm","10.953mm","T","90","220uF"
"C30","0603_C","9.906mm","4.191mm","9.898mm","4.184mm","9.128mm","4.184mm","T","360","100nF"
"C29","0603_C","60.833mm","84.887mm","60.833mm","84.889mm","60.833mm","84.119mm","T","90","1uF"
"C28","0603_C","20.701mm","2.032mm","20.701mm","2.032mm","21.471mm","2.032mm","T","180","100nF"
"C27","0805_C","20.701mm","4.191mm","20.7mm","4.184mm","19.81mm","4.184mm","T","360","10uF"
"C26","0603_C","60.096mm","87.757mm","60.088mm","87.757mm","59.318mm","87.757mm","T","360","1uF"
"C25","0805_C","38.735mm","7.874mm","38.735mm","7.874mm","39.625mm","7.874mm","T","180","10uF"
"C24","CT 6*6 - C","26.162mm","10.414mm","26.162mm","10.414mm","26.162mm","13.414mm","T","90","220uF"
"C23","0603_C","38.608mm","12.954mm","38.608mm","12.954mm","39.378mm","12.954mm","T","180","100nF"
"C22","0603_C","38.608mm","10.541mm","38.608mm","10.537mm","39.378mm","10.537mm","T","180","100nF"
"U8","SC-70-6(SOT-363)","92.456mm","69.545mm","92.456mm","69.55mm","93.106mm","70.52mm","T","270","SMF05CT1G"
"U7","MT8266WIFI-H","71.476mm","35.611mm","67.169mm","44.597mm","67.169mm","29.697mm","B","360","WIFI"
"SIM1","SIM Card","72.898mm","64.364mm","75.438mm","51.097mm","70.358mm","77.597mm","T","270","SIM Card"
"R73","0402_R","59.055mm","69.342mm","59.055mm","69.342mm","58.63mm","69.342mm","T","360","22次"
"R72","0402_R","88.341mm","71.374mm","88.348mm","71.374mm","87.923mm","71.374mm","T","360","22次"
"R71","0402_R","59.055mm","72.314mm","59.055mm","72.326mm","59.48mm","72.326mm","T","180","22次"
"R70","0402_R","59.055mm","70.841mm","59.055mm","70.834mm","58.63mm","70.834mm","T","360","22次"
"R69","0402_R","88.341mm","69.977mm","88.348mm","69.977mm","87.923mm","69.977mm","T","360","22次"
"R68","0402_R","88.341mm","68.326mm","88.348mm","68.326mm","87.923mm","68.326mm","T","360","22次"
"R67","0402_R","88.341mm","73.025mm","88.348mm","73.025mm","88.773mm","73.025mm","T","180","15K次"
"R66","0402_R","59.055mm","73.812mm","59.055mm","73.819mm","58.63mm","73.819mm","T","360","22次"
"R65","0402_R","59.055mm","75.311mm","59.055mm","75.311mm","59.48mm","75.311mm","T","180","10K次"
"R64","0603_R","90.043mm","50.546mm","90.043mm","50.554mm","90.043mm","49.784mm","T","90","4.7K次"
"R63","0402_R","64.033mm","39.624mm","64.036mm","39.624mm","63.611mm","39.624mm","B","360","0次"
"R62","0402_R","64.033mm","37.592mm","64.036mm","37.592mm","63.611mm","37.592mm","B","360","0次"
"R61","0402_R","64.033mm","35.56mm","64.036mm","35.56mm","63.611mm","35.56mm","B","360","0次"
"R60","0603_R","91.973mm","50.546mm","91.984mm","50.546mm","91.984mm","49.776mm","T","90","4.7K次"
"R59","0402_R","64.033mm","33.528mm","64.036mm","33.528mm","63.611mm","33.528mm","B","360","0次"
"R58","0402_R","64.033mm","31.623mm","64.036mm","31.623mm","63.611mm","31.623mm","B","360","0次"
"R57","0402_R","75.819mm","24.003mm","75.819mm","24.003mm","75.819mm","24.428mm","B","270","0次"
"R56","0603_R","94.361mm","54.102mm","94.361mm","54.102mm","94.361mm","54.872mm","T","270","4.7K次"
"Q11","SOT-23(SOT-23-3)","90.754mm","54.102mm","90.587mm","54.102mm","91.837mm","53.152mm","T","360","SS8050"
"LED8","0603_LED_S1","94.361mm","58.522mm","94.361mm","58.539mm","","","T","270","懦腑 0603"
"D9","SOD-323","90.805mm","58.674mm","90.805mm","58.674mm","91.985mm","58.674mm","T","360","LESD3Z5.0T1G"
"CB14","CW","67.056mm","23.622mm","67.056mm","23.13mm","67.056mm","23.13mm","B","90","CB"
"C52","0402_C","92.837mm","65.583mm","92.837mm","65.569mm","92.837mm","65.144mm","T","90","33pF"
"C51","0402_C","91.44mm","65.583mm","91.44mm","65.569mm","91.44mm","65.144mm","T","90","33pF"
"C50","0402_C","91.821mm","73.482mm","91.821mm","73.487mm","91.821mm","73.912mm","T","270","33pF"
"C49","0402_C","93.091mm","73.482mm","93.091mm","73.487mm","93.091mm","73.912mm","T","270","33pF"
"C48","0402_C","94.107mm","65.583mm","94.107mm","65.569mm","94.107mm","65.144mm","T","90","100nF"
"C47","0603_C","90.932mm","56.769mm","90.932mm","56.769mm","91.702mm","56.769mm","T","180","100nF"
"C46","CASE-A_3216","71.679mm","23.876mm","71.668mm","23.876mm","70.358mm","23.876mm","B","180","10uF"
"Y3","OSC MC-306","42.672mm","39.37mm","42.672mm","39.37mm","41.072mm","42.12mm","T","270","32.768KHz"
"Y2","XTAL-3225-4P","37.541mm","39.167mm","37.553mm","39.15mm","38.403mm","38.1mm","T","90","32.768KHz"
"Y1","XTAL-5032-4P","48.768mm","41.021mm","48.768mm","41.021mm","46.66mm","39.751mm","T","360","8MHz"
"USB1","MOLX-47589-0001","27.178mm","92.71mm","27.171mm","94.234mm","28.471mm","91.429mm","T","180","MicroUSB"
"U1","STM-LQFP100_L","47.346mm","55.27mm","47.355mm","55.277mm","41.355mm","47.752mm","T","90","STM32F407VGT6"
"SD","MOLX-47219-2001-8_V","14.249mm","52.476mm","14.25mm","52.483mm","12.7mm","49.278mm","T","90","MicroSD Card"
"RST1","TSW SMD-4*4*1.5","63.246mm","40.005mm","63.246mm","40.005mm","65.096mm","42.805mm","T","270","KEY"
"R23","0402_R","2.032mm","79.451mm","2.032mm","79.458mm","2.032mm","79.883mm","T","270","10次"
"R22","0402_R","23.876mm","57.201mm","23.876mm","57.201mm","24.301mm","57.201mm","T","180","47K次"
"R21","0402_R","2.032mm","81.915mm","2.032mm","81.915mm","2.032mm","82.34mm","T","270","10次"
"R20","0402_R","23.876mm","55.22mm","23.876mm","55.22mm","24.301mm","55.22mm","T","180","47K次"
"R19","0402_R","23.876mm","53.238mm","23.876mm","53.238mm","24.301mm","53.238mm","T","180","47K次"
"R18","0402_R","23.876mm","51.257mm","23.876mm","51.257mm","24.301mm","51.257mm","T","180","47K次"
"R17","0402_R","23.876mm","49.276mm","23.876mm","49.276mm","24.301mm","49.276mm","T","180","47K次"
"R16","0603_R","86.233mm","82.296mm","86.233mm","82.296mm","85.463mm","82.296mm","T","360","4.7K次"
"R15","0402_R","24.435mm","85.217mm","24.428mm","85.217mm","24.003mm","85.217mm","T","360","10次"
"R14","0402_R","26.975mm","85.217mm","26.968mm","85.217mm","26.543mm","85.217mm","T","360","10次"
"R13","0603_R","77.851mm","82.296mm","77.851mm","82.296mm","77.081mm","82.296mm","T","360","4.7K次"
"R12","0603_R","49.403mm","16.129mm","49.403mm","16.129mm","49.403mm","16.899mm","T","270","4.7K次"
"R11","0603_R","14.834mm","80.645mm","14.851mm","80.645mm","15.621mm","80.645mm","T","180","4.7K次"
"R10","0603_R","14.834mm","82.55mm","14.851mm","82.55mm","15.621mm","82.55mm","T","180","4.7K次"
"R9","0603_R","14.859mm","84.455mm","14.859mm","84.455mm","15.629mm","84.455mm","T","180","4.7K次"
"R8","0402_R","42.672mm","34.417mm","42.672mm","34.417mm","42.247mm","34.417mm","T","360","NC"
"R7","0402_R","36.703mm","42.291mm","36.703mm","42.291mm","36.703mm","41.866mm","T","90","NC"
"R6","0402_R","58.268mm","54.737mm","58.249mm","54.737mm","57.824mm","54.737mm","T","360","10K次"
"R5","0402_R","35.814mm","52.197mm","35.814mm","52.197mm","36.239mm","52.197mm","T","180","10K次"
"R4","0402_R","54.229mm","42.672mm","54.229mm","42.672mm","53.804mm","42.672mm","T","360","10次"
"R3","0402_R","53.34mm","44.45mm","53.34mm","44.45mm","53.34mm","44.025mm","T","90","0次"
"R2","0402_R","48.768mm","37.084mm","48.768mm","37.084mm","49.193mm","37.084mm","T","180","NC"
"R1","0603_R","58.674mm","37.338mm","58.666mm","37.338mm","57.896mm","37.338mm","T","0","10K次"
"P3","HDR-4P UART","-0.254mm","83.693mm","-0.254mm","87.503mm","-0.254mm","87.503mm","T","270","LOG"
"P2","HDR-4P UART","27.813mm","87.63mm","31.623mm","87.63mm","31.623mm","87.63mm","T","180","LOG"
"P1","XH2.54-4P","9.906mm","93.218mm","13.716mm","93.218mm","13.716mm","93.218mm","T","180","JLINK"
"LED3","0603_LED_S1","8.509mm","80.645mm","8.509mm","80.645mm","","","T","180","懦腑 0603"
"LED2","0603_LED_S1","8.509mm","83.947mm","8.509mm","83.947mm","","","T","180","酴腑 0603"
"LED1","0603_LED_S1","8.509mm","87.249mm","8.509mm","87.249mm","","","T","180","蟯腑 0603"
"F2","FU 0603","30.734mm","83.439mm","30.734mm","83.439mm","29.845mm","83.439mm","T","360","5V 1A"
"F1","FU 0603","14.478mm","88.011mm","14.478mm","88.011mm","13.589mm","88.011mm","T","360","5V 1A"
"D4","SOD-323","30.607mm","85.217mm","30.607mm","85.217mm","29.427mm","85.217mm","T","180","LESD3Z5.0T1G"
"D3","SOD-323","14.605mm","89.662mm","14.605mm","89.662mm","15.785mm","89.662mm","T","360","LESD3Z3.3T1G"
"D2","SOD-323","27.559mm","64.567mm","27.559mm","64.553mm","27.559mm","65.733mm","T","90","1N4148"
"D1","SOD-323","36.957mm","44.323mm","36.957mm","44.323mm","35.777mm","44.323mm","T","180","1N4148"
"CB5","CW","43.815mm","44.45mm","43.815mm","43.958mm","43.815mm","43.958mm","T","90","CB"
"CB4","CW","41.529mm","44.45mm","41.529mm","43.958mm","41.529mm","43.958mm","T","90","CB"
"CB3","CW","58.268mm","53.34mm","58.749mm","53.34mm","58.749mm","53.34mm","T","180","CB"
"CB2","CW","35.712mm","53.594mm","35.195mm","53.594mm","35.195mm","53.594mm","T","360","CB"
"CB1","CW","37.44mm","33.147mm","36.957mm","33.147mm","36.957mm","33.147mm","T","360","CB"
"C21","0402_C","23.876mm","59.563mm","23.876mm","59.563mm","24.301mm","59.563mm","T","180","100nF"
"C20","0402_C","44.704mm","33.934mm","44.704mm","33.953mm","44.704mm","34.378mm","T","270","6pF"
"C19","0402_C","40.894mm","33.934mm","40.894mm","33.953mm","40.894mm","34.378mm","T","270","6pF"
"C18","0402_C","38.354mm","42.291mm","38.354mm","42.291mm","38.354mm","41.866mm","T","90","10pF"
"C17","0402_C","50.546mm","44.45mm","50.546mm","44.45mm","50.546mm","44.875mm","T","270","100nF"
"C16","0402_C","40.259mm","66.802mm","40.259mm","66.802mm","40.259mm","66.377mm","T","90","100nF"
"C15","0402_C","36.449mm","49.403mm","36.449mm","49.403mm","36.874mm","49.403mm","T","180","100nF"
"C14","0402_C","46.228mm","44.577mm","46.228mm","44.577mm","46.228mm","45.002mm","T","270","100nF"
"C13","0402_C","57.023mm","63.856mm","57.023mm","63.837mm","57.023mm","63.412mm","T","90","100nF"
"C12","0402_C","58.268mm","50.165mm","58.249mm","50.165mm","57.824mm","50.165mm","T","360","100nF"
"C11","0603_C","37.592mm","36.195mm","37.6mm","36.195mm","38.37mm","36.195mm","T","180","10uF"
"C10","0402_C","37.643mm","34.544mm","37.636mm","34.544mm","38.061mm","34.544mm","T","180","1nF"
"C9","0402_C","54.737mm","44.45mm","54.737mm","44.45mm","54.737mm","44.875mm","T","270","100nF"
"C8","0805_C","56.769mm","43.688mm","56.769mm","43.687mm","56.769mm","44.577mm","T","270","10uF"
"C7","0402_C","36.982mm","45.847mm","37.001mm","45.847mm","37.426mm","45.847mm","T","180","100nF"
"C6","0402_C","51.943mm","44.45mm","51.943mm","44.45mm","51.943mm","44.025mm","T","90","100nF"
"C5","0402_C","51.003mm","37.084mm","51.01mm","37.084mm","50.585mm","37.084mm","T","360","22pF"
"C4","0603_C","41.91mm","66.802mm","41.91mm","66.802mm","41.91mm","67.572mm","T","270","2.2uF"
"C3","0603_C","60.071mm","60.833mm","60.071mm","60.833mm","60.841mm","60.833mm","T","180","2.2uF"
"C2","0402_C","46.584mm","37.084mm","46.565mm","37.084mm","46.99mm","37.084mm","T","180","22pF"
"C1","0603_C","63.246mm","44.958mm","63.254mm","44.958mm","64.024mm","44.958mm","T","180","100nF"
"BAT","CR1220_B","18.034mm","70.612mm","17.443mm","70.612mm","27.095mm","70.612mm","T","360","BAT CR1220"
"J1","PCIEmin-i","64.008mm","62.281mm","85.852mm","49.803mm","90.202mm","74.103mm","B","90","EC25-AU"
